address,type,size
10001000,function,219
100010e0,function,30
10001100,function,5
10001110,function,194
100011e0,function,10
100011f0,function,17
10001210,function,145
100012b0,function,26
100012d0,function,765
100015d0,function,7
100015e0,function,46
10001610,function,10
10001620,function,10
10001630,function,10
10001640,function,10
10001650,function,10
10001660,function,10
10001670,function,10
10001680,function,10
10001690,function,10
100016a0,function,12
100016b0,function,10
100016c0,function,38
100016f0,function,3
10001700,function,9
10001710,function,12
10001720,function,12
10001730,function,12
10001740,function,9
10001750,function,419
10001900,function,252
10001a00,function,28
10001a20,function,65
10001a70,function,65
10001ac0,function,65
10001b10,function,93
10001b70,function,93
10001bd0,function,26
10001bf0,function,84
10001c50,function,105
10001cc0,function,93
10001d20,function,86
10001d80,function,83
10001de0,function,83
10001e40,function,72
10001e90,function,4
10001ea0,function,94
10001f00,function,89
10001f60,function,245
10002060,function,245
10002160,function,328
100022b0,function,191
10002370,function,179
10002430,function,150
100024d0,function,150
10002570,function,177
10002630,function,46
10002660,function,266
10002770,function,238
10002860,function,42
10002890,function,229
10002980,function,66
100029d0,function,45
10002a00,function,45
10002a30,function,228
10002b20,function,228
10002c10,function,127
10002c90,function,102
10002d00,function,184
10002dc0,function,102
10002e30,function,273
10002f50,function,24
10002f70,function,24
10002f90,function,24
10002fb0,function,46
10002fe0,function,24
10003000,function,24
10003020,function,87
10003080,function,79
100030d0,function,63
10003110,function,89
10003170,function,30
10003190,function,92
100031f0,function,1154
10003680,function,87
100036e0,function,318
10003820,function,87
10003880,function,126
10003900,function,318
10003a40,function,59
10003a80,function,361
10003bf0,function,117
10003c70,function,43
10003ca0,function,33
10003cd0,function,14
10003ce0,function,155
10003d80,function,265
10003e90,function,285
10003fb0,function,32
10003fd0,function,30
10003ff0,function,109
10004060,function,304
10004190,function,87
100041f0,function,65
10004240,function,40
10004270,function,141
10004300,function,18
10004320,function,57
10004360,function,61
100043a0,function,22
100043c0,function,10
100043d0,function,121
10004450,function,30
10004470,function,5
10004480,function,158
10004520,function,73
10004570,function,361
100046e0,function,57
10004720,function,143
100047b0,function,751
10004aa0,function,84
10004b00,function,84
10004b60,function,23
10004b80,function,13
10004b90,function,134
10004c20,function,324
10004d70,function,520
10004f80,function,18
10004fa0,function,22
10004fc0,function,10
10004fd0,function,112
10005040,function,111
100050b0,function,265
100051c0,function,79
10005210,function,67
10005260,function,26
10005280,function,39
100052b0,function,39
100052e0,function,239
100053d0,function,99
10005440,function,141
100054d0,function,63
10005510,function,1485
10005ae0,function,30
10005b00,function,520
10005d10,function,25
10005d30,function,30
10005d50,function,102
10005dc0,function,146
10005e60,function,87
10005ec0,function,33
10005ef0,function,19
10005f10,function,57
10005f50,function,57
10005f90,function,24
10005fb0,function,5
10005fc0,function,395
10006150,function,192
10006210,function,31
10006230,function,17
10006250,function,48
10006280,function,29
100062a0,function,120
10006320,function,358
10006490,function,63
100064d0,function,418
10006680,function,25
100066a0,function,101
10006710,function,139
100067a0,function,41
100067d0,function,5
100067e0,function,32
10006800,function,18
10006820,function,29
10006840,function,25
10006860,function,120
100068e0,function,74
10006930,function,290
10006a60,function,51
10006aa0,function,140
10006b30,function,140
10006bc0,function,140
10006c50,function,421
10006e00,function,407
10006fa0,function,80
10006ff0,function,77
10007040,function,30
10007060,function,67
100070b0,function,27
100070d0,function,25
100070f0,function,112
10007160,function,7
10007170,function,32
10007190,function,22
100071b0,function,39
100071e0,function,516
100073f0,function,33
10007420,function,222
10007500,function,164
100075b0,function,105
10007620,function,166
100076d0,function,224
100077b0,function,7
100077c0,function,7
100077d0,function,22
100077f0,function,228
100078e0,function,121
10007960,function,30
10007980,function,127
10007a00,function,893
10007d80,function,7
10007d90,function,140
10007e20,function,1205
100082e0,function,914
10008680,function,190
10008740,function,112
100087b0,function,34
100087e0,function,151
10008880,function,137
10008910,function,305
10008a50,function,472
10008c30,function,404
10008dd0,function,409
10008f70,function,313
100090b0,function,388
10009240,function,36
10009270,function,36
100092a0,function,371
10009420,function,276
10009540,function,246
10009640,function,311
10009780,function,54
100097c0,function,46
100097f0,function,78
10009840,function,27
10009860,function,107
100098d0,function,94
10009930,function,10
10009940,function,10
10009950,function,7
10009960,function,33
10009990,function,28
100099b0,function,110
10009a20,function,69
10009a70,function,194
10009b40,function,48
10009b70,function,48
10009ba0,function,48
10009bd0,function,268
10009ce0,function,737
10009fd0,function,313
1000a110,function,171
1000a1c0,function,36
1000a1f0,function,28
1000a210,function,36
1000a240,function,28
1000a260,function,33
1000a290,function,33
1000a2c0,function,1675
1000a950,function,688
1000ac00,function,225
1000acf0,function,214
1000add0,function,223
1000aeb0,function,53
1000aef0,function,37
1000af20,function,70
1000af70,function,20
1000af90,function,106
1000b000,function,185
1000b0c0,function,39
1000b0f0,function,252
1000b1f0,function,76
1000b240,function,27
1000b260,function,27
1000b280,function,39
1000b2b0,function,8
1000b2c0,function,143
1000b350,function,113
1000b3d0,function,206
1000b4a0,function,787
1000b7c0,function,27
1000b7e0,function,17
1000b800,function,217
1000b8e0,function,443
1000baa0,function,413
1000bc40,function,476
1000be20,function,393
1000bfb0,function,422
1000c160,function,357
1000c2d0,function,415
1000c470,function,444
1000c630,function,590
1000c880,function,619
1000caf0,function,558
1000cd20,function,611
1000cf90,function,640
1000d210,function,553
1000d440,function,385
1000d5d0,function,388
1000d760,function,1093
1000dbb0,function,1105
1000e010,function,354
1000e180,function,386
1000e310,function,547
1000e540,function,579
1000e790,function,415
1000e930,function,608
1000eb90,function,54
1000ebd0,function,260
1000ece0,function,260
1000edf0,function,5425
10010330,function,460
10010500,function,454
100106d0,function,6017
10011e60,function,104
10011ed0,function,337
10012030,function,425
100121e0,function,510
100123e0,function,595
10012640,function,680
100128f0,function,765
10012bf0,function,850
10012f50,function,448
10013110,function,465
100132f0,function,584
10013540,function,25
10013560,function,30
10013580,function,126
10013600,function,90
10013660,function,61
100136a0,function,295
100137d0,function,59
10013810,function,5
10013820,function,103
10013890,function,225
10013980,function,797
10013ca0,function,844
10013ff0,function,288
10014110,function,17
10014130,function,568
10014370,function,17
10014390,function,277
100144b0,function,54
100144f0,function,175
100145a0,function,239
10014690,function,40
100146c0,function,25
100146e0,function,30
10014700,function,104
10014770,function,115
100147f0,function,35
10014820,function,67
10014870,function,74
100148c0,function,21
100148e0,function,25
10014900,function,104
10014970,function,35
100149a0,function,147
10014a40,function,21
10014a60,function,202
10014b30,function,240
10014c20,function,273
10014d31,function,53
10014d70,function,132
10014e00,function,31
10014e20,function,42
10014e50,function,378
10014fd0,function,28
10014ff0,function,152
10015090,function,4
100150a0,function,107
10015110,function,104
10015180,function,104
100151f0,function,104
10015260,function,104
100152d0,function,104
10015340,function,107
100153b0,function,107
10015420,function,107
10015490,function,110
10015500,function,104
10015570,function,104
100155e0,function,18
10015600,function,17
10015620,function,18
10015640,function,18
10015660,function,18
10015680,function,18
100156a0,function,18
100156c0,function,13
100156d0,function,24
100156f0,function,358
10015860,function,47
10015890,function,20
100158b0,function,49
100158f0,function,33
10015920,function,25
10015940,function,101
100159b0,function,149
10015a50,function,57
10015a90,function,61
10015ad0,function,32
10015af0,function,20
10015b10,function,48
10015b40,function,22
10015b60,function,10
10015b70,function,115
10015bf0,function,132
10015c80,function,122
10015d00,function,94
10015d60,function,156
10015e00,function,47
10015e30,function,287
10015f50,function,92
10015fb0,function,297
100160e0,function,30
10016100,function,348
10016260,function,278
10016380,function,182
10016440,function,30
10016460,function,343
100165c0,function,768
100168c0,function,513
10016ad0,function,24
10016af0,function,30
10016b10,function,23
10016b30,function,23
10016b50,function,34
10016b80,function,31
10016ba0,function,388
10016d30,function,259
10016e40,function,35
10016e70,function,47
10016ea0,function,57
10016ee0,function,49
10016f20,function,32
10016f40,function,30
10016f60,function,138
10016ff0,function,81
10017050,function,299
10017180,function,8
10017190,function,80
100171e0,function,30
10017200,function,79
10017250,function,19
10017270,function,18
10017290,function,22
100172b0,function,19
100172d0,function,19
100172f0,function,25
10017310,function,22
10017330,function,22
10017350,function,19
10017370,function,27
10017390,function,1071
100177c0,function,84
10017820,function,84
10017880,function,84
100178e0,function,84
10017940,function,84
100179a0,function,84
10017a00,function,84
10017a60,function,87
10017ac0,function,1501
100180a0,function,266
100181b0,function,64
100181f0,function,58
10018230,function,58
10018270,function,59
100182b0,function,25
100182d0,function,30
100182f0,function,121
10018370,function,234
10018460,function,56
100184a0,function,26
100184c0,function,30
100184e0,function,45
10018510,function,35
10018540,function,35
10018570,function,74
100185c0,function,16
100185d0,function,65
10018620,function,6
10018630,function,3
10018640,function,43
10018670,function,288
10018790,function,67
100187e0,function,86
10018840,function,152
100188e0,function,323
10018a30,function,68
10018a80,function,191
10018b40,function,285
10018c60,function,38
10018c90,function,6
10018ca0,function,251
10018da0,function,2549
100197a0,function,1526
10019da0,function,576
10019fe0,function,852
1001a340,function,2343
1001ac70,function,38
1001aca0,function,34
1001acd0,function,25
1001acf0,function,117
1001ad70,function,18
1001ad90,function,45
1001adc0,function,41
1001adf0,function,90
1001ae50,function,419
1001b000,function,5
1001b010,function,400
1001b1a0,function,189
1001b260,function,84
1001b2c0,function,892
1001b640,function,243
1001b740,function,26
1001b760,function,10
1001b770,function,51
1001b7b0,function,80
1001b800,function,656
1001ba90,function,114
1001bb10,function,155
1001bbb0,function,329
1001bd00,function,334
1001be50,function,209
1001bf30,function,91
1001bf90,function,32
1001bfb0,function,7
1001bfc0,function,1156
1001c450,function,1191
1001c900,function,545
1001cb30,function,17
1001cb50,function,37
1001cb80,function,38
1001cbb0,function,38
1001cbe0,function,38
1001cc10,function,38
1001cc40,function,46
1001cc70,function,28
1001cc90,function,29
1001ccb0,function,29
1001ccd0,function,29
1001ccf0,function,402
1001ce90,function,20
1001ceb0,function,24
1001ced0,function,27
1001cef0,function,15
1001cf00,function,60
1001cf40,function,32
1001cf60,function,7
1001cf70,function,56
1001cfb0,function,18
1001cfd0,function,56
1001d010,function,18
1001d030,function,517
1001d240,function,814
1001d570,function,26
1001d590,function,32
1001d5b0,function,7
1001d5c0,function,124
1001d640,function,28
1001d660,function,105
1001d6d0,function,11
1001d6e0,function,28
1001d700,function,5
1001d710,function,23
1001d730,function,26
1001d750,function,30
1001d770,function,19
1001d790,function,37
1001d7c0,function,9
1001d7d0,function,16
1001d7e0,function,39
1001d810,function,14
1001d820,function,8
1001d830,function,29
1001d850,function,30
1001d870,function,115
1001d8f0,function,1068
1001dd20,function,208
1001ddf0,function,46
1001de20,function,22
1001de40,function,10
1001de50,function,74
1001dea0,function,49
1001dee0,function,84
1001df40,function,63
1001df80,function,171
1001e030,function,57
1001e070,function,273
1001e190,function,653
1001e420,function,150
1001e4c0,function,283
1001e5e0,function,651
1001e870,function,256
1001e970,function,296
1001eaa0,function,199
1001eb70,function,289
1001eca0,function,94
1001ed00,function,598
1001ef60,function,294
1001f090,function,169
1001f140,function,34
1001f170,function,22
1001f190,function,10
1001f1a0,function,22
1001f1c0,function,10
1001f1d0,function,5
1001f1e0,function,92
1001f240,function,92
1001f2a0,function,67
1001f2f0,function,61
1001f330,function,249
1001f430,function,857
1001f790,function,1609
1001fde0,function,169
1001fe90,function,148
1001ff30,function,30
1001ff50,function,110
1001ffc0,function,241
100200c0,function,37
100200f0,function,633
10020370,function,342
100204d0,function,777
100207e0,function,937
10020b90,function,460
10020d60,function,448
10020f20,function,522
10021130,function,445
100212f0,function,867
10021660,function,884
100219e0,function,1060
10021e10,function,866
10022180,function,311
100222c0,function,311
10022400,function,345
10022560,function,311
100226a0,function,6
100226b0,function,3
100226c0,function,108
10022730,function,333
10022880,function,298
100229b0,function,453
10022b80,function,1043
10022fa0,function,32
10022fc0,function,30
10022fe0,function,115
10023060,function,832
100233a0,function,76
100233f0,function,46
10023420,function,106
10023490,function,44
100234c0,function,67
10023510,function,98
10023580,function,958
10023940,function,145
100239e0,function,131
10023a70,function,153
10023b10,function,977
10023ef0,function,438
100240b0,function,237
100241a0,function,14
100241b0,function,22
100241d0,function,427
10024380,function,76
100243cc,function,368
10024540,function,453
10024710,function,74
10024760,function,16
10024770,function,9
10024780,function,46
100247b0,function,300
100248e0,function,387
10024a70,function,472
10024c50,function,563
10024e90,function,657
10025130,function,751
10025420,function,845
10025770,function,63
100257b0,function,32
100257d0,function,7
100257e0,function,165
10025890,function,23
100258b0,function,59
100258f0,function,269
10025a00,function,53
10025a40,function,282
10025b60,function,445
10025d20,function,32
10025d40,function,94
10025da0,function,58
10025de0,function,13
10025df0,function,112
10025e60,function,299
10025f90,function,306
100260d0,function,41
10026100,function,16
10026110,function,148
100261b0,function,32
100261d0,function,30
100261f0,function,115
10026270,function,1701
10026915,function,65
10026956,function,14
10026970,function,137
10026a00,function,68
10026a50,function,46
10026a80,function,54
10026ac0,function,70
10026b10,function,53
10026b50,function,244
10026c50,function,60
10026c90,function,60
10026cd0,function,60
10026d10,function,102
10026d80,function,102
10026df0,function,127
10026e70,function,184
10026f30,function,24
10026f50,function,31
10026f70,function,48
10026fa0,function,30
10026fc0,function,96
10027020,function,67
10027070,function,30
10027090,function,80
100270e0,function,512
100272e0,function,206
100273b0,function,117
10027430,function,772
10027740,function,137
100277d0,function,12
100277e0,function,40
10027810,function,12
10027820,function,15
10027830,function,140
100278c0,function,612
10027b30,function,16
10027b40,function,8
10027b50,function,84
10027bb0,function,73
10027c00,function,67
10027c50,function,100
10027cc0,function,188
10027d80,function,232
10027e70,function,31
10027e90,function,8
10027ea0,function,151
10027f40,function,147
10027fe0,function,80
10028030,function,130
100280c0,function,39
100280f0,function,30
10028110,function,33
10028140,function,33
10028170,function,66
100281c0,function,17
100281e0,function,54
10028220,function,34
10028250,function,78
100282a0,function,28
100282c0,function,282
100283e0,function,143
10028470,function,72
100284c0,function,38
100284f0,function,102
10028560,function,106
100285d0,function,59
10028610,function,147
100286b0,function,24
100286d0,function,48
10028700,function,15
10028710,function,28
10028730,function,42
10028760,function,36
10028790,function,36
100287c0,function,27
100287e0,function,37
10028810,function,40
10028840,function,112
100288b0,function,36
100288e0,function,11
100288f0,function,138
10028980,function,138
10028a10,function,93
10028a70,function,16
10028a80,function,65
10028ad0,function,16
10028ae0,function,65
10028b30,function,16
10028b40,function,65
10028b90,function,46
10028bc0,function,16
10028bd0,function,65
10028c20,function,46
10028c50,function,2205
100294f0,function,3
10029500,function,384
10029680,function,447
10029840,function,16
10029850,function,30
10029870,function,10
10029880,function,26
100298a0,function,8
100298b0,function,30
100298d0,function,22
100298f0,function,47
10029920,function,1
10029930,function,8
10029940,function,8
10029950,function,5
10029960,function,13
10029970,function,8
10029980,function,29
100299a0,function,30
100299c0,function,93
10029a20,function,292
10029b50,function,185
10029c10,function,41
10029c40,function,18
10029c60,function,390
10029df0,function,61
10029e30,function,82
10029e90,function,57
10029ed0,function,16
10029ee0,function,180
10029fa0,function,127
1002a020,function,28
1002a040,function,18
1002a060,function,36
1002a090,function,17
1002a0b0,function,61
1002a0f0,function,41
1002a120,function,130
1002a1b0,function,35
1002a1e0,function,80
1002a230,function,81
1002a290,function,51
1002a2d0,function,33
1002a300,function,66
1002a350,function,4
1002a360,function,127
1002a3e0,function,142
1002a470,function,42
1002a4a0,function,4
1002a4b0,function,32
1002a4d0,function,30
1002a4f0,function,6
1002a500,function,211
1002a5e0,function,1181
1002aa80,function,693
1002ad40,function,267
1002ae50,function,1204
1002b310,function,25
1002b330,function,30
1002b350,function,97
1002b3c0,function,199
1002b490,function,61
1002b4d0,function,35
1002b500,function,30
1002b520,function,115
1002b5a0,function,744
1002b890,function,409
1002ba30,function,69
1002ba80,function,54
1002bac0,function,46
1002baf0,function,10
1002bb00,function,28
1002bb20,function,248
1002bc20,function,111
1002bc90,function,358
1002be00,function,24
1002be20,function,54
1002be60,function,34
1002be90,function,197
1002bf60,function,66
1002bfb0,function,28
1002bfd0,function,20
1002bff0,function,20
1002c010,function,3
1002c020,function,3
1002c030,function,143
1002c0c0,function,30
1002c0e0,function,178
1002c1a0,function,147
1002c240,function,643
1002c4d0,function,475
1002c6b0,function,244
1002c7b0,function,137
1002c840,function,137
1002c8d0,function,137
1002c960,function,137
1002c9f0,function,137
1002ca80,function,137
1002cb10,function,137
1002cba0,function,137
1002cc30,function,867
1002cfa0,function,1118
1002d400,function,792
1002d720,function,546
1002d950,function,508
1002db50,function,137
1002dbe0,function,156
1002dc80,function,777
1002df90,function,312
1002e0d0,function,376
1002e250,function,105
1002e2c0,function,785
1002e5e0,function,84
1002e640,function,3024
1002f210,function,313
1002f350,function,14
1002f360,function,25
1002f380,function,30
1002f3a0,function,171
1002f450,function,132
1002f4e0,function,72
1002f530,function,98
1002f5a0,function,370
1002f720,function,368
1002f890,function,179
1002f950,function,19
1002f970,function,17
1002f990,function,20
1002f9b0,function,99
1002fa20,function,6
1002fa30,function,6
1002fa40,function,8
1002fa50,function,321
1002fba0,function,272
1002fcb0,function,28
1002fcd0,function,117
1002fd50,function,13
1002fd60,function,112
1002fdd0,function,137
1002fe60,function,61
1002fea0,function,53
1002fee0,function,53
1002ff20,function,75
1002ff70,function,11
1002ff80,function,19
1002ffa0,function,11
1002ffb0,function,19
1002ffd0,function,19
1002fff0,function,96
10030050,function,30
10030070,function,524
10030280,function,92
100302e0,function,22
10030300,function,2344
10030c30,function,366
10030da0,function,145
10030e40,function,205
10030f10,function,341
10031070,function,135
10031100,function,61
10031140,function,137
100311d0,function,137
10031260,function,210
10031340,function,308
10031480,function,21
100314a0,function,45
100314d0,function,89
10031530,function,68
10031580,function,515
10031790,function,110
10031800,function,746
10031af0,function,387
10031c80,function,12
10031c90,function,1076
100320d0,function,55
10032110,function,119
10032190,function,302
100322c0,function,212
100323a0,function,158
10032440,function,52
10032480,function,30
100324a0,function,103
10032510,function,55
10032550,function,38
10032580,function,203
10032650,function,22
10032670,function,36
100326a0,function,27
100326c0,function,27
100326e0,function,27
10032700,function,64
10032740,function,27
10032760,function,24
10032780,function,24
100327a0,function,24
100327c0,function,24
100327e0,function,90
10032840,function,113
100328c0,function,25
100328e0,function,30
10032900,function,79
10032950,function,307
10032a90,function,51
10032ad0,function,47
10032b00,function,52
10032b40,function,38
10032b70,function,15
10032b80,function,103
10032bf0,function,19
10032c10,function,17
10032c30,function,77
10032c80,function,1092
100330d0,function,413
10033270,function,44
100332a0,function,44
100332d0,function,507
100334d0,function,507
100336d0,function,441
10033890,function,109
10033900,function,133
10033985,function,126
10033a03,function,162
10033aa5,function,126
10033b23,function,389
10033ca8,function,143
10033d37,function,80
10033d90,function,360
10033ef8,function,143
10033f87,function,80
10033fe0,function,515
100341e3,function,80
10034240,function,515
10034443,function,80
100344a0,function,316
100345e0,function,318
10034720,function,301
10034850,function,301
10034980,function,396
10034b10,function,299
10034c40,function,362
10034db0,function,235
10034ea0,function,133
10034f25,function,126
10034fa3,function,162
10035045,function,126
100350c3,function,385
10035244,function,143
100352d3,function,80
10035330,function,356
10035494,function,143
10035523,function,80
10035580,function,511
1003577f,function,592
100359cf,function,395
10035b60,function,316
10035ca0,function,297
10035dd0,function,297
10035f00,function,388
10036090,function,290
100361c0,function,362
10036330,function,235
10036420,function,133
100364a5,function,126
10036523,function,162
100365c5,function,126
10036643,function,385
100367c4,function,143
10036853,function,80
100368b0,function,356
10036a14,function,143
10036aa3,function,80
10036b00,function,511
10036cff,function,592
10036f4f,function,395
100370e0,function,316
10037220,function,297
10037350,function,297
10037480,function,388
10037610,function,290
10037740,function,354
100378b0,function,227
100379a0,function,131
10037a23,function,126
10037aa1,function,25
10037ac0,function,131
10037b43,function,126
10037bc1,function,25
10037be0,function,356
10037d44,function,143
10037dd3,function,80
10037e30,function,356
10037f94,function,143
10038023,function,80
10038080,function,511
1003827f,function,592
100384cf,function,395
10038660,function,316
100387a0,function,297
100388d0,function,297
10038a00,function,388
10038b90,function,290
10038cc0,function,354
10038e30,function,227
10038f20,function,131
10038fa3,function,126
10039021,function,25
10039040,function,131
100390c3,function,126
10039141,function,25
10039160,function,356
100392c4,function,143
10039353,function,80
100393b0,function,356
10039514,function,143
100395a3,function,80
10039600,function,511
100397ff,function,592
10039a4f,function,395
10039be0,function,316
10039d20,function,297
10039e50,function,297
10039f80,function,388
1003a110,function,290
1003a240,function,354
1003a3b0,function,227
1003a4a0,function,131
1003a523,function,126
1003a5a1,function,25
1003a5c0,function,131
1003a643,function,126
1003a6c1,function,25
1003a6e0,function,356
1003a844,function,143
1003a8d3,function,80
1003a930,function,356
1003aa94,function,143
1003ab23,function,80
1003ab80,function,511
1003ad7f,function,592
1003afcf,function,395
1003b160,function,316
1003b2a0,function,297
1003b3d0,function,297
1003b500,function,388
1003b690,function,290
1003b7c0,function,354
1003b930,function,227
1003ba20,function,1
1003ba30,function,3406
1003c780,function,1975
1003cf40,function,1979
1003d700,function,3719
1003e590,function,2292
1003ee90,function,2296
1003f790,function,1359
1003fce0,function,2438
10040670,function,2438
10041000,function,34
10041030,function,34
10041060,function,34
10041090,function,34
100410c0,function,232
100411b0,function,1256
100416a0,function,23
100416c0,function,168
10041770,function,35
100417a0,function,30
100417c0,function,99
10041830,function,335
10041980,function,34
100419b0,function,104
10041a20,function,41
10041a50,function,1
10041a60,function,1462
10042020,function,2989
10042bd0,function,2116
10043420,function,2108
10043c60,function,2108
100444a0,function,2108
10044ce0,function,2108
10045520,function,2108
10045d60,function,77
10045db0,function,77
10045e00,function,77
10045e50,function,77
10045ea0,function,79
10045ef0,function,79
10045f40,function,88
10045fa0,function,88
10046000,function,88
10046060,function,88
100460c0,function,88
10046120,function,90
10046180,function,100
100461f0,function,100
10046260,function,100
100462d0,function,100
10046340,function,100
100463b0,function,102
10046420,function,1920
10046ba0,function,2124
100473f0,function,2124
10047c40,function,2124
10048490,function,2190
10048d20,function,2190
100495b0,function,2190
10049e40,function,2190
1004a6d0,function,2198
1004af70,function,6
1004af76,function,6
1004af7c,function,6
1004af82,function,45
1004afaf,function,7
1004afb6,function,7
1004afbd,function,7
1004afc4,function,79
1004b013,function,54
1004b049,function,84
1004b09d,function,37
1004b0c2,function,182
1004b178,function,117
1004b1ed,function,123
1004b312,function,35
1004b335,function,9
1004b356,function,11
1004b361,function,82
1004b3b3,function,14
1004b3c1,function,23
1004b3d8,function,1
1004b3d9,function,56
1004b513,function,94
1004b571,function,126
1004b5ef,function,18
1004b601,function,47
1004b630,function,340
1004b784,function,78
1004b7d2,function,44
1004b7fe,function,9
1004b808,function,39
1004b830,function,254
1004b930,function,56
1004b970,function,20
1004b984,function,9
1004b98d,function,174
1004ba3b,function,46
1004ba70,function,39
1004ba97,function,111
1004bb06,function,204
1004bbd2,function,17
1004bbe3,function,101
1004bc48,function,115
1004bcbb,function,115
1004bd2e,function,9
1004bd37,function,9
1004bd40,function,23
1004bd57,function,719
1004c026,function,93
1004c083,function,131
1004c106,function,101
1004c16b,function,473
1004c344,function,101
1004c3a9,function,395
1004c534,function,147
1004c5c7,function,217
1004c6a0,function,157
1004c73d,function,51
1004c770,function,155
1004c80b,function,435
1004c9be,function,170
1004ca68,function,93
1004cac5,function,158
1004cb63,function,22
1004cb79,function,123
1004cbf4,function,165
1004cc99,function,10
1004cca3,function,24
1004ccbb,function,6
1004ccc1,function,78
1004cd0f,function,42
1004cd39,function,440
1004cef1,function,4
1004cef5,function,8
1004cefd,function,86
1004cf53,function,9
1004cf5c,function,8
1004cf64,function,35
1004cf90,function,76
1004cfdc,function,84
1004d030,function,30
1004d04e,function,19
1004d061,function,103
1004d0c8,function,160
1004d168,function,97
1004d1c9,function,86
1004d21f,function,106
1004d289,function,9
1004d292,function,79
1004d2e1,function,9
1004d2ea,function,30
1004d308,function,280
1004d420,function,1857
1004db61,function,53
1004db96,function,49
1004dbc7,function,56
1004dbff,function,13
1004dc0c,function,16
1004dc1c,function,14
1004dc2a,function,18
1004dc3c,function,44
1004dc68,function,103
1004dccf,function,9
1004dcd8,function,83
1004dd2b,function,3
1004dd2e,function,9
1004dd37,function,45
1004dd64,function,18
1004dd76,function,62
1004ddb4,function,41
1004dddd,function,90
1004de37,function,78
1004de85,function,24
1004de9d,function,62
1004dedb,function,97
1004df3c,function,194
1004dffe,function,85
1004e053,function,167
1004e0fa,function,147
1004e18d,function,81
1004e1de,function,37
1004e204,function,197
1004e2c9,function,27
1004e2e4,function,45
1004e311,function,17
1004e322,function,15
1004e331,function,165
1004e3d6,function,9
1004e3df,function,9
1004e3e8,function,26
1004e402,function,380
1004e57e,function,8
1004e586,function,9
1004e58f,function,319
1004e6ce,function,6
1004e6d4,function,11
1004e6df,function,75
1004e72a,function,103
1004e791,function,3
1004e794,function,9
1004e79d,function,111
1004e80c,function,3
1004e80f,function,9
1004e818,function,691
1004eacb,function,535
1004ece2,function,40
1004ed0a,function,41
1004ed33,function,193
1004edf4,function,14
1004ee02,function,15
1004ee11,function,35
1004ee34,function,86
1004ee90,function,103
1004eef7,function,140
1004ef83,function,10
1004ef8d,function,7
1004ef94,function,7
1004ef9b,function,7
1004efa2,function,43
1004efcd,function,42
1004eff7,function,63
1004f036,function,29
1004f053,function,7
1004f060,function,23
1004f077,function,60
1004f0c0,function,21
1004f0d5,function,23
1004f0ec,function,25
1004f105,function,67
1004f148,function,22
1004f15e,function,13
1004f16b,function,42
1004f195,function,183
1004f24c,function,117
1004f2c1,function,41
1004f2ea,function,108
1004f356,function,97
1004f3b7,function,21
1004f3cc,function,548
1004f5f0,function,43
1004f61b,function,291
1004f73e,function,124
1004f7ba,function,127
1004f839,function,66
1004f87b,function,95
1004f8da,function,34
1004f8fc,function,444
1004fab8,function,84
1004fb0c,function,293
1004fc31,function,185
1004fcea,function,153
1004fd83,function,436
1004ff37,function,306
10050069,function,45
10050096,function,328
100501de,function,93
1005023b,function,168
100502e3,function,6
100502e9,function,57
10050322,function,339
10050475,function,70
100504bb,function,17
100504cc,function,13
100504d9,function,28
100504f5,function,28
10050511,function,24
10050530,function,67
10050574,function,6
1005057a,function,58
100505c0,function,99
10050624,function,33
10050645,function,20
10050659,function,38
10050680,function,25
10050699,function,109
10050706,function,25
10050720,function,11
1005072c,function,17
1005073d,function,26
10050758,function,83
100507ac,function,41
100507d5,function,42
10050800,function,49
10050831,function,109
1005089e,function,25
100508b8,function,13
100508c5,function,22
100508dc,function,25
100508f5,function,148
10050989,function,5
1005098e,function,9
10050997,function,123
10050a12,function,5
10050a17,function,9
10050a20,function,18
10050a32,function,23
10050a49,function,72
10050a91,function,43
10050abc,function,809
10050de5,function,777
100510ee,function,177
1005119f,function,251
1005129a,function,758
10051590,function,324
100516d4,function,86
1005172a,function,194
100517ec,function,87
10051843,function,69
10051888,function,520
10051a90,function,292
10051bb4,function,169
10051c5d,function,68
10051ca1,function,41
10051cca,function,168
10051d72,function,20
10051d86,function,47
10051db5,function,35
10051dd8,function,47
10051e07,function,35
10051e30,function,123
10051eab,function,89
10051f04,function,105
10051f70,function,104
10051fe0,function,117
10052055,function,27
10052070,function,53
100520a5,function,22
100520bb,function,146
1005214d,function,137
100521d6,function,111
10052245,function,203
10052310,function,73
10052359,function,86
100523af,function,140
1005243b,function,27
10052456,function,12
10052462,function,27
1005247d,function,141
1005250a,function,364
10052676,function,22
1005268c,function,22
100526a2,function,45
100526cf,function,45
100526fc,function,119
10052773,function,92
100527cf,function,182
100528a0,function,224
10052980,function,88
100529d8,function,9
100529f0,function,99
10052a54,function,33
10052a75,function,20
10052a89,function,38
10052ab0,function,25
10052ac9,function,109
10052b36,function,25
10052b50,function,11
10052b5c,function,17
10052b6d,function,26
10052b88,function,83
10052bdc,function,41
10052c05,function,42
10052c30,function,49
10052c61,function,109
10052cce,function,25
10052ce8,function,13
10052cf5,function,22
10052d0c,function,25
10052d25,function,3
10052d28,function,208
10052df8,function,329
10052f50,function,62
10052f90,function,58
10052fd0,function,47
10052fff,function,97
10053060,function,429
1005320d,function,74
10053257,function,51
1005328a,function,41
100532b3,function,389
10053438,function,28
10053454,function,23
1005346b,function,517
10053670,function,5
10053675,function,11
10053680,function,188
10053740,function,128
100537c0,function,137
10053849,function,386
100539cb,function,61
10053a08,function,129
10053a89,function,46
10053ab7,function,92
10053b13,function,9
10053b1c,function,164
10053bc0,function,33
10053be1,function,94
10053c3f,function,46
10053c6d,function,45
10053c9a,function,199
10053d61,function,1233
10054232,function,659
100544d0,function,208
100545a0,function,257
100546a1,function,49
100546d2,function,76
1005471e,function,544
1005493e,function,124
100549c0,function,52
100549f4,function,43
10054a20,function,6